Total Computing Time,Image preprecessing,Lane detection
0.262398243,0.191940784,0.070457458
0.28462863,0.218980312,0.065648317
0.254308462,0.19434166,0.059966803
0.324492693,0.265180111,0.059312582
0.252989769,0.198142052,0.054847717
0.250651836,0.192827702,0.057824135
0.250024796,0.191903353,0.058121443
0.247218609,0.19217658,0.055042028
0.256876945,0.197717667,0.059159279
0.273989439,0.210210562,0.063778877
0.255947113,0.197028399,0.058918715
0.273849726,0.197622299,0.076227427
0.258936644,0.203579187,0.055357456
0.262361765,0.204072237,0.058289528
0.316235065,0.258388519,0.057846546
0.26226449,0.201973438,0.060291052
0.268226385,0.211613417,0.056612968
0.258978128,0.198724747,0.060253382
0.24316597,0.18906045,0.05410552
0.243873358,0.191576958,0.0522964
0.248625278,0.191632032,0.056993246
0.247345209,0.191342592,0.056002617
0.248748541,0.192519665,0.056228876
0.255629778,0.201018095,0.054611683
0.250112772,0.193074703,0.057038069
0.247254848,0.194923878,0.052330971
0.264841795,0.206792116,0.058049679
0.247177362,0.191195726,0.055981636
0.25084734,0.193839788,0.057007551
0.255347967,0.199947357,0.05540061
0.253736973,0.198125362,0.05561161
0.241607904,0.188926697,0.052681208
0.247428179,0.1932199,0.054208279
0.246023893,0.190733433,0.055290461
0.249325991,0.192831993,0.056493998
0.243995428,0.188293695,0.055701733
0.245860338,0.189613819,0.056246519
0.243000031,0.190305948,0.052694082
0.244401217,0.186194897,0.05820632
0.248776913,0.19081068,0.057966232
0.248063326,0.192475557,0.055587769
0.326989174,0.270766497,0.056222677
0.25126791,0.193292856,0.057975054
0.244319677,0.18955946,0.054760218
0.24379611,0.185185909,0.058610201
0.244909048,0.186917782,0.057991266
0.247828722,0.193162918,0.054665804
0.24936676,0.193415165,0.055951595
0.247848749,0.189912558,0.057936192
0.243663311,0.187676668,0.055986643
0.244330168,0.190339327,0.053990841
0.259045362,0.201644421,0.057400942
0.252012491,0.194569588,0.057442904
0.24887991,0.192629814,0.056250095
0.250474691,0.19080019,0.059674501
0.243850708,0.190019131,0.053831577
0.248595953,0.189632416,0.058963537
0.24427104,0.189403057,0.054867983
0.247624159,0.193239689,0.05438447
0.242201328,0.186933517,0.055267811
0.249334574,0.18695116,0.062383413
0.241673708,0.186380148,0.05529356
0.248435974,0.194132328,0.054303646
0.246038198,0.191108465,0.054929733
0.243966579,0.187978506,0.055988073
0.245096684,0.190305233,0.054791451
0.252408028,0.194323063,0.058084965
0.258073092,0.201746464,0.056326628
0.24510932,0.189892054,0.055217266
0.244090319,0.188239336,0.055850983
0.247272015,0.193022728,0.054249287
0.251091957,0.193246365,0.057845592
0.258307219,0.201511145,0.056796074
0.249860048,0.19102788,0.058832169
0.25078249,0.192898035,0.057884455
0.253247738,0.193955183,0.059292555
0.248091459,0.190831184,0.057260275
0.239969969,0.185862541,0.054107428
0.253177166,0.190191984,0.062985182
0.244406223,0.189174652,0.055231571
0.257493019,0.201057911,0.056435108
0.252412796,0.191388369,0.061024427
0.243934631,0.188622952,0.05531168
0.248842239,0.195072174,0.053770065
0.246242046,0.188207626,0.05803442
0.269647837,0.209713221,0.059934616
0.248033524,0.193244457,0.054789066
0.24585247,0.189228058,0.056624413
0.25027895,0.194779873,0.055499077
0.244653702,0.189842224,0.054811478
0.244458675,0.190143585,0.05431509
0.247614861,0.191415548,0.056199312
0.257645369,0.200395346,0.057250023
0.318382978,0.262525558,0.05585742
0.257905006,0.200941801,0.056963205
0.255398512,0.197988749,0.057409763
0.258138418,0.19902873,0.059109688
0.271179438,0.209647179,0.061532259
0.290535688,0.225960732,0.064574957
0.282489538,0.220635653,0.061853886
0.288803577,0.222605467,0.066198111
0.285242319,0.219184875,0.066057444
0.287656307,0.218381643,0.069274664
0.287017107,0.216933966,0.070083141
0.281883955,0.219982386,0.061901569
0.286962271,0.223595142,0.063367128
0.27948904,0.217247009,0.062242031
0.288639545,0.222506285,0.066133261
0.280380011,0.211002111,0.069377899
0.278864145,0.218246698,0.060617447
0.281403303,0.218955755,0.062447548
0.283589363,0.216490746,0.067098618
0.269771099,0.212142467,0.057628632
0.264356613,0.203051329,0.061305285
0.259106874,0.204117298,0.054989576
0.261970758,0.20638442,0.055586338
0.254780769,0.196770668,0.058010101
0.262540579,0.205652714,0.056887865
0.25630641,0.200411558,0.055894852
0.256485939,0.19918704,0.057298899
0.258460045,0.195343256,0.063116789
0.273017645,0.210760355,0.06225729
0.256780624,0.199144363,0.057636261
0.25590229,0.199954033,0.055948257
0.255913496,0.195329189,0.060584307
0.250869036,0.193409204,0.057459831
0.245444775,0.188672543,0.056772232
0.255499601,0.200103521,0.05539608
0.249690056,0.191842556,0.0578475
0.260414124,0.203914642,0.056499481
0.257259369,0.199981689,0.057277679
0.249835014,0.193132639,0.056702375
0.256150723,0.19773221,0.058418512
0.33161664,0.274425983,0.057190657
0.258816004,0.201512098,0.057303905
0.261790037,0.202656984,0.059133053
0.262307405,0.207334757,0.054972649
0.258310795,0.201029778,0.057281017
0.256523848,0.201531887,0.054991961
0.265614986,0.206670523,0.058944464
0.256972075,0.198398829,0.058573246
0.256803989,0.19987011,0.05693388
0.259845018,0.201360464,0.058484554
0.254801989,0.200766563,0.054035425
0.257845163,0.201015711,0.056829453
0.252302885,0.194533587,0.057769299
0.258945942,0.203155279,0.055790663
0.255078554,0.19991374,0.055164814
0.276566267,0.200373173,0.076193094
0.268031597,0.209109306,0.058922291
0.250988483,0.19809556,0.052892923
0.251947641,0.194828749,0.057118893
0.25403142,0.195993185,0.058038235
0.261211395,0.202579975,0.05863142
0.263591528,0.208197832,0.055393696
0.257936239,0.203597546,0.054338694
0.255065203,0.197949648,0.057115555
0.255776882,0.200027704,0.055749178
0.259554148,0.203227758,0.056326389
0.273014069,0.21270752,0.060306549
0.268417835,0.209256887,0.059160948
0.265625,0.205479622,0.060145378
0.267873287,0.20710063,0.060772657
0.264027357,0.206520796,0.057506561
0.255354643,0.198952913,0.05640173
0.29048562,0.229150772,0.061334848
0.280820847,0.217509508,0.063311338
0.274791002,0.212604046,0.062186956
0.281899929,0.220719814,0.061180115
0.276710272,0.217453003,0.059257269
0.273921013,0.213621616,0.060299397
0.31222868,0.250994921,0.061233759
0.277300596,0.217007637,0.060292959
0.274649143,0.21462965,0.060019493
0.267990112,0.212818384,0.055171728
0.26774025,0.208358288,0.059381962
0.265879154,0.209666252,0.056212902
0.272994995,0.216269732,0.056725264
0.269261837,0.212674856,0.056586981
0.274194479,0.216788769,0.05740571
0.270848513,0.215398788,0.055449724
0.268939018,0.208029985,0.060909033
0.268467426,0.209741592,0.058725834
0.268844366,0.211703777,0.057140589
0.283837557,0.222804546,0.06103301
0.272422552,0.211259127,0.061163425
0.262077332,0.204543114,0.057534218
0.26700902,0.206771851,0.060237169
0.273142815,0.209855556,0.063287258
0.292179823,0.228936672,0.063243151
0.295836449,0.229116917,0.066719532
0.292314053,0.223257542,0.069056511
0.293815613,0.221932888,0.071882725
0.28610301,0.224033117,0.062069893
0.297275543,0.230283022,0.066992521
0.289308548,0.226149559,0.063158989
0.297742367,0.234156609,0.063585758
0.290428877,0.222313166,0.068115711
0.302906275,0.237914085,0.064992189
0.282567263,0.221358776,0.061208487
0.294048786,0.224875212,0.069173574
0.291250706,0.227209091,0.064041615
0.288488865,0.224805117,0.063683748
0.264124632,0.206050873,0.058073759
0.270589113,0.209944963,0.06064415
0.269179821,0.209388494,0.059791327
0.268095732,0.2107265,0.057369232
0.264630556,0.204655647,0.059974909
0.271697283,0.208865404,0.062831879
0.266926289,0.20904994,0.057876348
0.261930466,0.202441692,0.059488773
0.262296438,0.205197811,0.057098627
0.263563395,0.207112789,0.056450605
0.263667583,0.206775904,0.05689168
0.269309759,0.210312843,0.058996916
0.276267767,0.217331171,0.058936596
0.262467384,0.204931498,0.057535887
0.278970957,0.220796108,0.058174849
0.27397418,0.216345072,0.057629108
0.261272192,0.20430994,0.056962252
0.268419743,0.21135664,0.057063103
0.263415337,0.205646515,0.057768822
0.269029379,0.209903717,0.059125662
0.269930363,0.211152792,0.058777571
0.271461964,0.214745998,0.056715965
0.264275074,0.207994938,0.056280136
0.269766331,0.207884312,0.061882019
0.267633438,0.20957613,0.058057308
0.264354944,0.207194328,0.057160616
0.263614655,0.205570459,0.058044195
0.268297672,0.20786643,0.060431242
0.266665697,0.210773706,0.055891991
0.277070284,0.204657555,0.072412729
0.273512602,0.214634657,0.058877945
0.267501116,0.210510254,0.056990862
0.265640736,0.207612038,0.058028698
0.281124115,0.222419024,0.058705091
0.271967173,0.210337162,0.061630011
0.273207188,0.212955952,0.060251236
0.266905308,0.20836997,0.058535337
0.264394999,0.205836296,0.058558702
0.272345066,0.21038866,0.061956406
0.269890308,0.209922552,0.059967756
0.273713827,0.212160587,0.06155324
0.265169382,0.205753803,0.059415579
0.268908739,0.210752964,0.058155775
0.267243862,0.206804514,0.060439348
0.267123699,0.205021381,0.062102318
0.27647686,0.213407516,0.063069344
0.275866747,0.213630676,0.062236071
0.261124849,0.204998493,0.056126356
0.263062,0.204978943,0.058083057
0.266478777,0.206816673,0.059662104
0.269841194,0.211076736,0.058764458
0.286816359,0.222964525,0.063851833
0.280465841,0.219276428,0.061189413
0.266992807,0.208111286,0.058881521
0.276587725,0.218374968,0.058212757
0.275042534,0.213078976,0.061963558
0.273800373,0.208597422,0.065202951
0.266257763,0.209391356,0.056866407
0.270290852,0.212343693,0.057947159
0.273802996,0.214530706,0.059272289
0.272975922,0.212814093,0.060161829
0.263095379,0.205100298,0.057995081
0.358644724,0.204344273,0.154300451
0.274446726,0.213200092,0.061246634
0.266973495,0.208995342,0.057978153
0.268538713,0.209242344,0.05929637
0.268744707,0.212636471,0.056108236
0.26936388,0.209850788,0.059513092
0.27375102,0.208903551,0.064847469
0.28686142,0.226010084,0.060851336
0.272292852,0.211152554,0.061140299
0.263887405,0.2038486,0.060038805
0.261018515,0.204931259,0.056087255
0.26173234,0.20393014,0.0578022
0.267436743,0.207511425,0.059925318
0.271695137,0.211661339,0.060033798
0.277016163,0.218345165,0.058670998
0.28570652,0.219393253,0.066313267
0.288606644,0.226371527,0.062235117
0.289890289,0.218340635,0.071549654
0.293149471,0.227138042,0.066011429
0.288801193,0.225028276,0.063772917
0.274257183,0.215255737,0.059001446
0.288096189,0.226082087,0.062014103
0.276456833,0.214687824,0.061769009
0.376885653,0.311308622,0.06557703
0.293823481,0.227606297,0.066217184
0.288142681,0.225123405,0.063019276
0.294774294,0.224912405,0.069861889
0.281348228,0.217777014,0.063571215
0.269040346,0.211959839,0.057080507
0.264718294,0.20608902,0.058629274
0.266370773,0.207179308,0.059191465
0.268116474,0.208991051,0.059125423
0.269827366,0.208589554,0.061237812
0.259446621,0.203660965,0.055785656
0.323765278,0.267715931,0.056049347
0.26475215,0.201528072,0.063224077
0.270730257,0.208662748,0.062067509
0.26013732,0.202564478,0.057572842
0.264447451,0.204493999,0.059953451
0.265393734,0.208508968,0.056884766
0.261972427,0.203516245,0.058456182
0.29211545,0.210115194,0.082000256
0.281930447,0.215847731,0.066082716
0.268896103,0.209261894,0.059634209
0.269472122,0.209557533,0.059914589
0.268405676,0.209921598,0.058484077
0.260495901,0.201606274,0.058889627
0.263586044,0.203371286,0.060214758
0.273380995,0.20965004,0.063730955
0.263788462,0.204823732,0.058964729
0.266320467,0.207345009,0.058975458
0.268543959,0.210043907,0.058500051
0.26704812,0.206070662,0.060977459
0.266481161,0.206119776,0.060361385
0.272430897,0.21359086,0.058840036
0.268378973,0.206968546,0.061410427
0.267148018,0.204902172,0.062245846
0.267028332,0.209397793,0.057630539
0.286231756,0.22599268,0.060239077
0.269166708,0.206600428,0.06256628
0.277553558,0.218291044,0.059262514
0.289818287,0.225852013,0.063966274
0.269925594,0.208082199,0.061843395
0.278239727,0.21732831,0.060911417
0.271576166,0.212978125,0.058598042
0.257758141,0.198731422,0.059026718
0.259043694,0.20138669,0.057657003
0.275492907,0.210031509,0.065461397
0.267856359,0.209050894,0.058805466
0.261048317,0.202395201,0.058653116
0.264701366,0.204824924,0.059876442
0.27393055,0.211742878,0.062187672
0.267915964,0.209980249,0.057935715
0.263330698,0.200767756,0.062562943
0.26134944,0.203447819,0.057901621
0.263172626,0.20658493,0.056587696
0.259494305,0.200914145,0.05858016
0.258955002,0.200842381,0.058112621
0.294634342,0.23066473,0.063969612
0.279741526,0.220262051,0.059479475
0.272979259,0.212614775,0.060364485
0.271257639,0.209823608,0.061434031
0.267370939,0.207257032,0.060113907
0.270390272,0.212280035,0.058110237
0.264473915,0.204935551,0.059538364
0.266417742,0.208658218,0.057759523
0.265764475,0.205769539,0.059994936
0.269987822,0.206454992,0.063532829
0.272023201,0.210957289,0.061065912
0.267319679,0.209383965,0.057935715
0.265428305,0.204505205,0.0609231
0.266000748,0.206053019,0.059947729
0.276741982,0.215557575,0.061184406
0.266877651,0.208939791,0.05793786
0.262725115,0.202620506,0.060104609
0.30262804,0.24616766,0.056460381
0.265385628,0.205912352,0.059473276
0.265613317,0.202987432,0.062625885
0.270944357,0.212241888,0.058702469
0.263129234,0.205588818,0.057540417
0.278856516,0.221593618,0.057262897
0.273202419,0.211446285,0.061756134
0.283385277,0.209779739,0.073605537
0.27702117,0.212246656,0.064774513
0.289376497,0.217559576,0.071816921
0.311186552,0.246385098,0.064801455
0.284233332,0.220424414,0.063808918
0.294246912,0.226180792,0.06806612
0.291662693,0.224897385,0.066765308
0.290007114,0.2251966,0.064810514
0.285015821,0.220770121,0.064245701
0.284106493,0.218477964,0.065628529
0.294537783,0.223641872,0.07089591
0.288393974,0.223708868,0.064685106
0.29628706,0.23018837,0.06609869
0.296398163,0.231042385,0.065355778
0.290818214,0.221241951,0.069576263
0.305546761,0.239987612,0.065559149
0.283915043,0.223649025,0.060266018
0.268141985,0.208849907,0.059292078
0.274174213,0.213654518,0.060519695
0.268085003,0.2111516,0.056933403
0.274880171,0.214740038,0.060140133
0.270776749,0.208101273,0.062675476
0.271816254,0.210826159,0.060990095
0.269218206,0.207141161,0.062077045
0.271446466,0.207408428,0.064038038
0.270000935,0.209033728,0.060967207
0.268755674,0.207921028,0.060834646
0.262628555,0.203368664,0.059259892
0.283377886,0.219441175,0.06393671
0.284356356,0.227074862,0.057281494
0.274032593,0.216453791,0.057578802
0.263008356,0.202273846,0.06073451
0.274973392,0.211714029,0.063259363
0.275071383,0.214097261,0.060974121
0.272112608,0.211363554,0.060749054
0.273057222,0.210998297,0.062058926
0.285645485,0.22272253,0.062922955
0.291064262,0.223824501,0.067239761
0.273423195,0.212105989,0.061317205
0.271960735,0.210976362,0.060984373
0.275020599,0.207327843,0.067692757
0.276967764,0.218487501,0.058480263
0.274959564,0.210916281,0.064043283
0.272753954,0.208077908,0.064676046
0.275029182,0.215266705,0.059762478
0.269054413,0.208612919,0.060441494
0.272678852,0.207439661,0.065239191
0.272839546,0.211781263,0.061058283
0.265786409,0.204766989,0.061019421
0.265333652,0.20506382,0.060269833
0.272094488,0.206792355,0.065302134
0.269689322,0.209356308,0.060333014
0.257035017,0.199991941,0.057043076
0.310261726,0.25029707,0.059964657
0.30221653,0.244373083,0.057843447
0.264339209,0.204991102,0.059348106
0.266346455,0.206463575,0.059882879
0.270159245,0.213785172,0.056374073
0.25958848,0.202554226,0.057034254
0.306072712,0.249053955,0.057018757
0.263138294,0.204121828,0.059016466
0.268946409,0.207950354,0.060996056
0.273818016,0.213511467,0.060306549
0.278907537,0.217442989,0.061464548
0.290879965,0.217270613,0.073609352
0.296488523,0.229202747,0.067285776
0.282904148,0.221927881,0.060976267
0.282149792,0.217259884,0.064889908
0.280721903,0.219032526,0.061689377
0.282314062,0.214680672,0.06763339
0.28731823,0.225057125,0.062261105
0.292925596,0.228239059,0.064686537
0.282932997,0.222180367,0.06075263
0.27676034,0.215433598,0.061326742
0.273266077,0.212844372,0.060421705
0.276136398,0.211407423,0.064728975
0.282243729,0.216925621,0.065318108
0.283022881,0.222067595,0.060955286
0.267656803,0.207496643,0.06016016
0.27584815,0.212198257,0.063649893
0.274392366,0.212794781,0.061597586
0.260365963,0.203981161,0.056384802
0.271030664,0.213066339,0.057964325
0.274306774,0.215037584,0.05926919
0.278408289,0.217683077,0.060725212
0.274928093,0.217250109,0.057677984
0.261130333,0.203832626,0.057297707
0.293919802,0.232082129,0.061837673
0.312194586,0.237249613,0.074944973
0.294837236,0.229389429,0.065447807
0.306727886,0.240916014,0.065811872
0.289237022,0.22681427,0.062422752
0.298513889,0.227548361,0.070965528
0.288507462,0.221516132,0.066991329
0.286199331,0.220943213,0.065256119
0.287961721,0.224096537,0.063865185
0.291760445,0.227478743,0.064281702
0.284791231,0.220772028,0.064019203
0.289190292,0.223261595,0.065928698
0.308182955,0.24411726,0.064065695
0.291955709,0.229103565,0.062852144
0.272426605,0.213109493,0.059317112
0.270284414,0.210586309,0.059698105
0.270451546,0.211597919,0.058853626
0.261876822,0.204586744,0.057290077
0.26791811,0.207912445,0.060005665
0.269121885,0.210175037,0.058946848
0.266243219,0.206154585,0.060088634
0.276686907,0.212621927,0.06406498
0.267126083,0.207890272,0.059235811
0.268152714,0.208524942,0.059627771
0.26428628,0.207255602,0.057030678
0.266821146,0.206627131,0.060194016
0.266416311,0.204523325,0.061892986
0.288729668,0.228029013,0.060700655
0.273681879,0.215579033,0.058102846
0.26196003,0.203097343,0.058862686
0.262727022,0.204019547,0.058707476
0.266680717,0.205167532,0.061513186
0.271781683,0.213886738,0.057894945
0.261163712,0.203139305,0.058024406
0.264373541,0.204849243,0.059524298
0.269356966,0.211345911,0.058011055
0.266557932,0.205334902,0.06122303
0.275398016,0.211229563,0.064168453
0.286531925,0.224703789,0.061828136
0.27189517,0.212715864,0.059179306
0.27327013,0.211851597,0.061418533
0.272370815,0.214721441,0.057649374
0.27127409,0.212709665,0.058564425
0.263002396,0.204751015,0.058251381
0.263599634,0.206630707,0.056968927
0.260920525,0.204061508,0.056859016
0.274421453,0.213921785,0.060499668
0.265659094,0.209260225,0.056398869
0.265286207,0.20496726,0.060318947
0.266237736,0.208389759,0.057847977
0.279240847,0.222418785,0.056822062
0.297114372,0.238799572,0.0583148
0.261489153,0.203443289,0.058045864
0.263649225,0.204782009,0.058867216
0.27728796,0.2164011,0.06088686
0.279461384,0.216843367,0.062618017
0.272842884,0.212021828,0.060821056
0.263761282,0.205794573,0.057966709
0.268904448,0.208680868,0.060223579
0.270410776,0.209602594,0.060808182
0.268247843,0.210131168,0.058116674
0.262453794,0.201609612,0.060844183
0.2671175,0.209245443,0.057872057
0.26753664,0.207416534,0.060120106
0.269429922,0.20981288,0.059617043
0.267192602,0.205971241,0.061221361
0.270692825,0.208735466,0.061957359
0.270277739,0.213605404,0.056672335
0.276938915,0.215830088,0.061108828
0.264796495,0.208314419,0.056482077
0.267216682,0.207395792,0.05982089
0.266047478,0.206305742,0.059741735
0.265902519,0.208747864,0.057154655
0.270122766,0.207163572,0.062959194
0.278660536,0.218012333,0.060648203
0.275780201,0.21668911,0.059091091
0.279150724,0.219079733,0.060070992
0.2876544,0.230697155,0.056957245
0.273873091,0.214161634,0.059711456
0.278815269,0.219993114,0.058822155
0.268275738,0.207992315,0.060283422
0.276629686,0.218469143,0.058160543
0.267944813,0.209923029,0.058021784
0.263547182,0.20750761,0.056039572
0.272615433,0.215404272,0.057211161
0.265911818,0.20848155,0.057430267
0.264880419,0.207897425,0.056982994
0.271632671,0.215938091,0.05569458
0.263496161,0.207372427,0.056123734
0.311048985,0.254648447,0.056400537
0.269186497,0.214188337,0.054998159
0.267587423,0.209475994,0.058111429
0.301327705,0.22817421,0.073153496
0.298012018,0.233786821,0.064225197
0.296144962,0.227402687,0.068742275
0.295742273,0.229797602,0.065944672
0.301762581,0.237903118,0.063859463
0.287403822,0.22576952,0.061634302
0.290289402,0.231198788,0.059090614
0.289278507,0.228313446,0.060965061
0.299529314,0.226115942,0.073413372
0.306793213,0.237908125,0.068885088
0.291004658,0.229405642,0.061599016
0.287671328,0.225430965,0.062240362
0.29046607,0.228447914,0.062018156
0.290531158,0.231936693,0.058594465
0.277889729,0.216685772,0.061203957
0.268764257,0.211434841,0.057329416
0.295194626,0.240186214,0.055008411
0.299396992,0.24136281,0.058034182
0.278721333,0.22380805,0.054913282
0.270622492,0.209334135,0.061288357
0.266742706,0.209829807,0.056912899
0.276205301,0.218022108,0.058183193
0.272096395,0.211553335,0.06054306
0.260739803,0.20728898,0.053450823
0.268622637,0.210817099,0.057805538
0.26442647,0.211121798,0.053304672
0.262471199,0.20706892,0.055402279
0.265811443,0.208918571,0.056892872
0.270547628,0.214931965,0.055615664
0.286895514,0.219755173,0.067140341
0.273141146,0.218623161,0.054517984
0.261585236,0.206666708,0.054918528
0.261289358,0.206129074,0.055160284
0.29797864,0.222966194,0.075012445
0.278612852,0.220439911,0.058172941
0.266013622,0.213422537,0.052591085
0.263827085,0.211208344,0.052618742
0.269712925,0.212602139,0.057110786
0.267099857,0.212774754,0.054325104
0.263667107,0.209439039,0.054228067
0.264320612,0.212326288,0.051994324
0.259482861,0.205520868,0.053961992
0.272830725,0.218452692,0.054378033
0.263330936,0.208628178,0.054702759
0.260259628,0.208289862,0.051969767
0.265655518,0.205446005,0.060209513
0.263529062,0.209269047,0.054260015
0.254761934,0.204287291,0.050474644
0.2636621,0.209625721,0.054036379
0.272111177,0.214128971,0.057982206
0.267960072,0.2110672,0.056892872
0.267081022,0.211125374,0.055955648
0.29131031,0.230167627,0.061142683
0.269893169,0.210271835,0.059621334
0.28385663,0.227922201,0.055934429
0.272455454,0.21975708,0.052698374
0.260762453,0.206189394,0.054573059
0.263901949,0.207547426,0.056354523
0.288635969,0.237460852,0.051175117
0.260483027,0.205517292,0.054965734
0.262952328,0.207460165,0.055492163
0.267148256,0.213860989,0.053287268
0.262167454,0.204866409,0.057301044
0.268770695,0.210437536,0.058333158
0.269034624,0.211850882,0.057183743
0.267477751,0.209555626,0.057922125
0.267727375,0.210900545,0.05682683
0.273977041,0.215399265,0.058577776
0.273530483,0.215611219,0.057919264
0.274935484,0.218025446,0.056910038
0.275439024,0.220435143,0.055003881
0.262818575,0.204895973,0.057922602
0.262866735,0.20787859,0.054988146
0.263622046,0.207164764,0.056457281
0.291506767,0.228646994,0.062859774
0.27529335,0.217137575,0.058155775
0.27607584,0.214775801,0.061300039
0.275857449,0.21594429,0.059913158
0.269807339,0.211676836,0.058130503
0.262048483,0.206008911,0.056039572
0.264429808,0.20733285,0.057096958
0.295043468,0.237575293,0.057468176
0.300005436,0.245716333,0.054289103
0.27239728,0.214505672,0.057891607
0.265952587,0.208699226,0.057253361
0.268076658,0.207434177,0.060642481
0.266478777,0.208713293,0.057765484
0.265341282,0.207684755,0.057656527
0.270771265,0.212730646,0.058040619
0.280824661,0.215775013,0.065049648
0.283498049,0.222304106,0.061193943
0.287105322,0.223517656,0.063587666
0.288318872,0.221971512,0.066347361
0.291286707,0.220449209,0.070837498
0.292976856,0.228607893,0.064368963
0.289337397,0.225718737,0.06361866
0.287400961,0.22503829,0.062362671
0.29881525,0.226995707,0.071819544
0.307699203,0.242304802,0.065394402
0.301286459,0.230370045,0.070916414
0.290473938,0.227725267,0.062748671
0.327801228,0.25774765,0.070053577
0.310045719,0.242914915,0.067130804
0.277641296,0.220330954,0.057310343
0.265938997,0.205787659,0.060151339
0.261039495,0.205773592,0.055265903
0.260582447,0.204427242,0.056155205
0.258754492,0.202987194,0.055767298
0.260672808,0.205506325,0.055166483
0.25713563,0.203483582,0.053652048
0.256034613,0.199320555,0.056714058
0.262449265,0.202769756,0.059679508
0.25452137,0.198666334,0.055855036
0.265879393,0.206856966,0.059022427
0.265794516,0.205629349,0.060165167
0.255286932,0.202877522,0.05240941
0.255438805,0.198310137,0.057128668
0.25270772,0.199440241,0.053267479
0.258847475,0.202638626,0.056208849
0.252922535,0.198024035,0.0548985
0.258302927,0.203604698,0.054698229
0.255275011,0.20294857,0.052326441
0.24693346,0.194291592,0.052641869
0.275601864,0.222732306,0.052869558
0.277784109,0.223892212,0.053891897
0.252351999,0.197031498,0.055320501
0.255023003,0.198786497,0.056236506
0.250482082,0.196591139,0.053890944
0.253842354,0.198275089,0.055567265
0.266628981,0.212715864,0.053913116
0.257143974,0.203973055,0.053170919
0.251959562,0.196051598,0.055907965
0.260333538,0.204004765,0.056328773
0.253812551,0.20170927,0.052103281
0.25380373,0.198160887,0.055642843
0.259521723,0.203721285,0.055800438
0.251475811,0.199613094,0.051862717
0.251037359,0.194783926,0.056253433
0.254362106,0.200438023,0.053924084
0.251005173,0.198574066,0.052431107
0.25331521,0.197191,0.05612421
0.251874447,0.200696707,0.05117774
0.2565732,0.200677872,0.055895329
0.245117426,0.193862677,0.051254749
0.255251646,0.200338125,0.054913521
0.256787062,0.203030348,0.053756714
0.244777203,0.193830967,0.050946236
0.250212431,0.196414709,0.053797722
0.257992744,0.201896667,0.056096077
0.257624388,0.200030565,0.057593822
0.263653755,0.208175182,0.055478573
0.263338804,0.205309629,0.058029175
0.2507236,0.197829008,0.052894592
0.252361298,0.197673559,0.054687738
0.253741503,0.200400352,0.05334115
0.252619505,0.198503256,0.054116249
0.256820679,0.200366497,0.056454182
0.258632898,0.204221487,0.054411411
0.276094675,0.221329212,0.054765463
0.252675772,0.198505878,0.054169893
0.255442142,0.202443123,0.05299902
0.251854181,0.197112799,0.054741383
0.25399375,0.199940681,0.054053068
0.258258581,0.203959227,0.054299355
0.262674332,0.203886271,0.058788061
0.255899191,0.202429056,0.053470135
0.251459599,0.195441246,0.056018353
0.257927418,0.200170517,0.057756901
0.265353441,0.208909988,0.056443453
0.256764412,0.200529337,0.056235075
0.259257793,0.204265833,0.054991961
0.248793602,0.195539951,0.053253651
0.256277084,0.198407888,0.057869196
0.256261349,0.20055294,0.055708408
0.25310564,0.197207928,0.055897713
0.258501053,0.202834129,0.055666924
0.255700588,0.199399233,0.056301355
0.276823282,0.219831467,0.056991816
0.267662048,0.209704161,0.057957888
0.284141064,0.221353054,0.06278801
0.296609879,0.236406803,0.060203075
0.268102884,0.208811998,0.059290886
0.293864489,0.225553989,0.068310499
0.277136564,0.213794947,0.063341618
0.275155306,0.211956263,0.063199043
0.28988719,0.220089436,0.069797754
0.293164253,0.229215622,0.063948631
0.30318737,0.235046387,0.068140984
0.298357487,0.239186764,0.059170723
0.269459963,0.210532665,0.058927298
0.278194427,0.213706255,0.064488173
0.277617216,0.216687441,0.060929775
0.283494711,0.219362497,0.064132214
0.26304388,0.207253933,0.055789948
0.257817745,0.201209545,0.0566082
0.258458376,0.199424505,0.059033871
0.256693125,0.202515602,0.054177523
0.260075331,0.205011368,0.055063963
0.254772425,0.198657036,0.056115389
0.253889322,0.198243618,0.055645704
0.249928951,0.196654081,0.05327487
0.263921261,0.205031872,0.058889389
0.252395153,0.19797349,0.054421663
0.252376318,0.194731474,0.057644844
0.272531033,0.216567755,0.055963278
0.261059284,0.204777718,0.056281567
0.261248112,0.203544378,0.057703733
0.253340244,0.199514866,0.053825378
0.25995183,0.201663256,0.058288574
0.256398916,0.201359034,0.055039883
0.259730816,0.201189041,0.058541775
0.253778934,0.198517084,0.05526185
0.258718014,0.204166412,0.054551601
0.262465239,0.205272913,0.057192326
0.265401125,0.208431482,0.056969643
0.252938747,0.198008299,0.054930449
0.259944677,0.202272892,0.057671785
0.285146713,0.232321262,0.052825451
0.274958849,0.220654011,0.054304838
0.259504795,0.202947855,0.05655694
0.263456583,0.207455397,0.056001186
0.255196095,0.19806838,0.057127714
0.259452343,0.200667381,0.058784962
0.270597935,0.212510109,0.058087826
0.264413357,0.204385757,0.060027599
0.263919353,0.206068993,0.057850361
0.257123232,0.200224876,0.056898355
0.252864599,0.199766874,0.053097725
0.256980658,0.199897528,0.05708313
0.260389328,0.204235554,0.056153774
0.26905036,0.213292599,0.055757761
0.260669231,0.202992439,0.057676792
0.256892443,0.20177722,0.055115223
0.255197525,0.201539516,0.053658009
0.259713411,0.200724363,0.058989048
0.257597208,0.202646971,0.054950237
0.257331133,0.199596405,0.057734728
0.261959791,0.20587039,0.056089401
0.25761652,0.200217247,0.057399273
0.252747536,0.197435141,0.055312395
0.249083042,0.197139502,0.051943541
0.256751776,0.201479673,0.055272102
0.258718014,0.204833746,0.053884268
0.265127182,0.206049681,0.059077501
0.264027596,0.208208084,0.055819511
0.249556065,0.196602345,0.05295372
0.265597105,0.209801674,0.055795431
0.252677202,0.196114302,0.056562901
0.26053524,0.202227592,0.058307648
0.259799719,0.205345392,0.054454327
0.253917694,0.199732304,0.05418539
0.253836393,0.199034452,0.054801941
0.255283356,0.201657534,0.053625822
0.253858805,0.199049234,0.05480957
0.271406412,0.210422754,0.060983658
0.255362511,0.198907852,0.056454659
0.260180712,0.20360589,0.056574821
0.251111269,0.196824551,0.054286718
0.259385347,0.198602676,0.060782671
0.246935129,0.194931746,0.052003384
0.264940977,0.209403515,0.055537462
0.268891096,0.212040424,0.056850672
0.258866787,0.201964378,0.056902409
0.264305353,0.205691338,0.058614016
0.257031441,0.2006073,0.056424141
0.25280714,0.196937561,0.055869579
0.25602746,0.200930595,0.055096865
0.253740311,0.199700832,0.054039478
0.252949476,0.199721098,0.053228378
0.252612829,0.198589325,0.054023504
0.256649971,0.19980669,0.056843281
0.258717775,0.202960968,0.055756807
0.274795294,0.212026596,0.062768698
0.27635169,0.219009638,0.057342052
0.273876905,0.210915804,0.062961102
0.295702219,0.235020638,0.060681581
0.271433353,0.207335949,0.064097404
0.266559839,0.210657597,0.055902243
0.26582551,0.206240892,0.059584618
0.280216455,0.218828201,0.061388254
0.287252665,0.223781586,0.063471079
0.271656275,0.208122253,0.063534021
0.279490232,0.217319965,0.062170267
0.286332846,0.225546122,0.060786724
0.277047157,0.220153332,0.056893826
0.269375563,0.209216833,0.06015873
0.269829512,0.207969427,0.061860085
0.259625912,0.200815439,0.058810472
0.253896713,0.198702335,0.055194378
0.258729935,0.204066038,0.054663897
0.254364252,0.200199842,0.05416441
0.252872229,0.197449207,0.055423021
0.255950451,0.197957039,0.057993412
0.252866983,0.198813915,0.054053068
0.254793882,0.200153828,0.054640055
0.257885218,0.202145576,0.055739641
0.249296665,0.19751811,0.051778555
0.262404442,0.205513239,0.056891203
0.249415636,0.19655633,0.052859306
0.273217678,0.213711023,0.059506655
0.266969204,0.208514929,0.058454275
0.253782511,0.198923588,0.054858923
0.251837969,0.196665049,0.05517292
0.257121801,0.20232439,0.054797411
0.256071329,0.200319052,0.055752277
0.255681515,0.201826096,0.053855419
0.256453514,0.198150635,0.058302879
0.286775589,0.232771397,0.054004192
0.266361713,0.211100101,0.055261612
0.258939981,0.203242779,0.055697203
0.290038824,0.233338594,0.05670023
0.269439697,0.212680101,0.056759596
0.283310413,0.229125023,0.05418539
0.26462841,0.207815886,0.056812525
0.255954504,0.199832439,0.056122065
0.277873993,0.219021559,0.058852434
0.298757315,0.234195471,0.064561844
0.280882359,0.226876736,0.054005623
0.257555246,0.20046258,0.057092667
0.262712002,0.202759981,0.059952021
0.302451611,0.242137909,0.060313702
0.31084013,0.24716258,0.063677549
0.298151731,0.235323429,0.062828302
0.273057938,0.213861704,0.059196234
0.261999607,0.208457947,0.05354166
0.264005899,0.205109358,0.058896542
0.264122009,0.206022024,0.058099985
0.260944843,0.204903126,0.056041718
0.266193628,0.209388018,0.056805611
0.258430958,0.203254461,0.055176497
0.256369829,0.202118397,0.054251432
0.253867149,0.200690985,0.053176165
0.252575159,0.199903965,0.052671194
0.253560543,0.20049119,0.053069353
0.260605097,0.203140497,0.0574646
0.253616571,0.19866991,0.054946661
0.252766848,0.200902939,0.051863909
0.279828548,0.213234186,0.066594362
0.266083241,0.209086657,0.056996584
0.262073994,0.206679821,0.055394173
0.267135859,0.211154938,0.055980921
0.259019852,0.204022646,0.054997206
0.260277987,0.203142643,0.057135344
0.263863087,0.205660105,0.058202982
0.25891614,0.203854799,0.05506134
0.258165598,0.201325417,0.056840181
0.264258862,0.206221581,0.058037281
0.257828236,0.202678919,0.055149317
0.274087429,0.216146946,0.057940483
0.259031773,0.202822924,0.056208849
0.256541729,0.199798107,0.056743622
0.261329412,0.206483841,0.054845572
0.259432554,0.202191591,0.057240963
0.283432007,0.228853464,0.054578543
0.285756588,0.23124671,0.054509878
0.260670424,0.203453541,0.057216883
0.274584293,0.218402147,0.056182146
0.284817934,0.216001034,0.0688169
0.292732477,0.237867832,0.054864645
0.253941774,0.198035955,0.055905819
0.254752636,0.199825287,0.054927349
0.254827499,0.197904825,0.056922674
0.277810335,0.216386318,0.061424017
0.282797098,0.217725277,0.065071821
0.283347845,0.218782902,0.064564943
0.281728983,0.221895218,0.059833765
0.272793531,0.211726427,0.061067104
0.268223524,0.208061457,0.060162067
0.274752855,0.213720798,0.061032057
0.268649817,0.21190238,0.056747437
0.275682926,0.214384794,0.061298132
0.285601616,0.220117569,0.065484047
0.285330057,0.217667818,0.067662239
0.272604704,0.214049339,0.058555365
0.279469728,0.214110851,0.065358877
0.276042461,0.216632366,0.059410095
0.289577007,0.214853048,0.074723959
0.28096056,0.218910933,0.062049627
0.260900974,0.203708887,0.057192087
0.259986639,0.203909159,0.05607748
0.262395144,0.204305887,0.058089256
0.25695014,0.201639891,0.055310249
0.285973549,0.232068062,0.053905487
0.285849094,0.228867292,0.056981802
0.262936592,0.207788944,0.055147648
0.259884119,0.201963663,0.057920456
0.258061409,0.199862003,0.058199406
0.253043652,0.198451042,0.054592609
0.255455256,0.197455406,0.057999849
0.264366865,0.205000639,0.059366226
0.25774169,0.201565504,0.056176186
0.255593061,0.200867414,0.054725647
0.24915719,0.195379734,0.053777456
0.250867128,0.197155714,0.053711414
0.251573563,0.19854331,0.053030252
0.262981176,0.210150003,0.052831173
0.26619029,0.201041937,0.065148354
0.286708832,0.227527618,0.059181213
0.281412601,0.228085518,0.053327084
0.281531096,0.226952791,0.054578304
0.279339314,0.223697186,0.055642128
0.254449844,0.199513674,0.054936171
0.25620532,0.202800512,0.053404808
0.261008978,0.204585075,0.056423903
0.265827179,0.209804058,0.056023121
0.263792038,0.205815792,0.057976246
0.261959553,0.205568552,0.056391001
0.26854229,0.212789059,0.055753231
0.254597664,0.201915026,0.052682638
0.260245323,0.203546047,0.056699276
0.268482447,0.20884347,0.059638977
0.267396212,0.21085763,0.056538582
0.254812479,0.200734138,0.054078341
0.258137941,0.204497576,0.053640366
0.256874323,0.204696417,0.052177906
0.273928642,0.213563919,0.060364723
0.318385363,0.261435509,0.056949854
0.264398336,0.209114552,0.055283785
0.253362656,0.20004797,0.053314686
0.260240316,0.202037096,0.05820322
0.282538652,0.229037285,0.053501368
0.263442755,0.206250191,0.057192564
0.268991947,0.206913471,0.062078476
0.263406992,0.207410812,0.05599618
0.258099318,0.202865601,0.055233717
0.261080265,0.207420588,0.053659678
0.257624865,0.202665567,0.054959297
0.256133795,0.200658083,0.055475712
0.251814842,0.200019598,0.051795244
0.256168842,0.201073885,0.055094957
0.257007122,0.199163914,0.057843208
0.257877588,0.203024864,0.054852724
0.26615119,0.209622145,0.056529045
0.262633562,0.202963114,0.059670448
0.277228117,0.216850996,0.060377121
0.265119076,0.209930658,0.055188417
0.266388655,0.208857775,0.05753088
0.255805492,0.201981544,0.053823948
0.264293909,0.206271648,0.058022261
0.257714272,0.203207493,0.054506779
0.253649473,0.199995279,0.053654194
0.257039785,0.203763723,0.053276062
0.262607336,0.206078291,0.056529045
0.258202314,0.207140207,0.051062107
0.290774822,0.231708288,0.059066534
0.273322821,0.217329264,0.055993557
0.268035173,0.213332891,0.054702282
0.268886328,0.211629152,0.057257175
0.265205145,0.210808992,0.054396152
0.271424055,0.212995529,0.058428526
0.274813414,0.222867727,0.051945686
0.28973484,0.232120752,0.057614088
0.259912014,0.205321312,0.054590702
0.262037516,0.206341267,0.055696249
0.262477398,0.208590984,0.053886414
0.264551401,0.202213764,0.062337637
0.279159784,0.220671654,0.058488131
0.292522907,0.233095884,0.059427023
0.29418087,0.229281187,0.064899683
0.279564142,0.222786903,0.056777239
0.279747963,0.220666647,0.059081316
0.278238297,0.218165874,0.060072422
0.288167715,0.228055716,0.060112
0.291167021,0.226490021,0.064677
0.278768778,0.221910954,0.056857824
0.278726101,0.218747139,0.059978962
0.29907155,0.2152946,0.083776951
0.303940058,0.241930485,0.062009573
0.298599958,0.244842768,0.053757191
0.274991512,0.21596241,0.059029102
0.259365797,0.206817627,0.05254817
0.258917332,0.205066442,0.053850889
0.256890297,0.203983068,0.052907228
0.261366606,0.205319643,0.056046963
0.257324696,0.206237793,0.051086903
0.255615234,0.200991869,0.054623365
0.255041122,0.202783346,0.052257776
0.25328207,0.20301342,0.05026865
0.259328365,0.203025579,0.056302786
0.275710583,0.216877222,0.058833361
0.270355463,0.21297884,0.057376623
0.263204813,0.208580256,0.054624557
0.268838167,0.214729309,0.054108858
0.262890339,0.208664417,0.054225922
0.261971712,0.206558704,0.055413008
0.259891272,0.204871655,0.055019617
0.264148712,0.200274944,0.063873768
0.264493227,0.209099531,0.055393696
0.283773899,0.226026058,0.057747841
0.276627302,0.222724915,0.053902388
0.259019852,0.20524931,0.053770542
0.264065742,0.207424641,0.056641102
0.264434099,0.203689098,0.060745001
0.262392282,0.203804493,0.05858779
0.260284901,0.200731993,0.059552908
0.256954193,0.198442936,0.058511257
0.257997036,0.20015192,0.057845116
0.251811743,0.195881367,0.055930376
0.24896574,0.196191549,0.052774191
0.250016451,0.197018623,0.052997828
0.248315334,0.195191622,0.053123713
0.25549078,0.202167988,0.053322792
0.251435518,0.198940277,0.052495241
0.261878967,0.196993589,0.064885378
0.249335766,0.197370291,0.051965475
0.244321108,0.193462133,0.050858974
0.253636122,0.198014021,0.055622101
0.253411055,0.20122385,0.052187204
0.249047279,0.194105148,0.054942131
0.246927023,0.190493107,0.056433916
0.286710262,0.212571621,0.074138641
0.265112877,0.205956459,0.059156418
0.249443293,0.195974112,0.053469181
0.252034187,0.201146603,0.050887585
0.242541075,0.190657616,0.051883459
0.250780582,0.190747738,0.060032845
0.244602442,0.19187212,0.052730322
0.262158394,0.199470282,0.062688112
0.245375395,0.192718267,0.052657127
0.249569893,0.195155144,0.054414749
0.257152319,0.202466011,0.054686308
0.248779297,0.198299646,0.05047965
0.243426561,0.190529823,0.052896738
0.266940832,0.214135408,0.052805424
0.241719007,0.188970327,0.05274868
0.241244555,0.189147472,0.052097082
0.239075422,0.188232183,0.050843239
0.238169909,0.188314438,0.049855471
0.23513341,0.184800625,0.050332785
0.239600897,0.187693119,0.051907778
0.235644579,0.183783531,0.051861048
0.26992631,0.21326375,0.05666256
0.254221201,0.187572241,0.06664896
0.251647472,0.199749947,0.051897526
0.242371321,0.187978983,0.054392338
0.248476028,0.195433617,0.053042412
0.234090328,0.183684111,0.050406218
0.236452818,0.184602022,0.051850796
0.237907887,0.187008619,0.050899267
0.231185436,0.180523157,0.050662279
0.236425638,0.182510853,0.053914785
0.231588125,0.181655169,0.049932957
0.232215166,0.181188583,0.051026583
0.238338709,0.182600498,0.055738211
0.231863499,0.180966616,0.050896883
0.234568357,0.179362535,0.055205822
0.233636379,0.180774212,0.052862167
0.238393545,0.184264421,0.054129124
0.232351303,0.1824646,0.049886703
0.236263752,0.181286812,0.05497694
0.24128747,0.183899403,0.057388067
0.234025478,0.182502508,0.05152297
0.231673002,0.181773424,0.049899578
0.240308285,0.188379288,0.051928997
0.237109661,0.185247421,0.05186224
0.232194662,0.1793015,0.052893162
0.235290527,0.180437088,0.054853439
0.229623079,0.179951429,0.04967165
0.236906052,0.187096119,0.049809933
0.234430075,0.183566332,0.050863743
0.240391493,0.18749547,0.052896023
0.246273041,0.19437933,0.051893711
0.239033461,0.187122107,0.051911354
0.237999439,0.184096575,0.053902864
0.237128019,0.184238195,0.052889824
0.242121458,0.188266277,0.053855181
0.233827591,0.181964636,0.051862955
0.237288475,0.185465574,0.051822901
0.236376286,0.183516502,0.052859783
0.230766535,0.178891659,0.051874876
0.235365868,0.180480242,0.054885626
0.242094755,0.184248209,0.057846546
0.236339092,0.182449102,0.05388999
0.234970331,0.184072018,0.050898314
0.235370636,0.182510614,0.052860022
0.232170582,0.179341316,0.052829266
0.244148016,0.189260244,0.054887772
0.231341839,0.179480553,0.051861286
0.232145548,0.180245399,0.051900148
0.240113258,0.186257601,0.053855658
0.239765406,0.183909416,0.055855989
0.235898256,0.183990002,0.051908255
0.233021259,0.182460546,0.050560713
0.239102364,0.185245752,0.053856611
0.233356953,0.179466486,0.053890467
0.237108946,0.1845119,0.052597046
0.239308834,0.186450005,0.052858829
0.235165596,0.179280758,0.055884838
0.235367298,0.18184638,0.053520918
0.231350422,0.179456949,0.051893473
0.237370253,0.182219744,0.055150509
0.235190868,0.184292078,0.05089879
0.2364676,0.182564974,0.053902626
0.241289616,0.185439587,0.055850029
0.242498636,0.189708233,0.052790403
0.237379789,0.185468674,0.051911116
0.23318696,0.181293726,0.051893234
0.240861654,0.183980227,0.056881428
0.247166395,0.194261551,0.052904844
0.240319729,0.184467316,0.055852413
0.242366314,0.188765049,0.053601265
0.236781597,0.184221745,0.052559853
0.236336708,0.184425831,0.051910877
0.238133907,0.181285143,0.056848764
0.232177496,0.180330992,0.051846504
0.231184721,0.180274963,0.050909758
0.233165741,0.180274248,0.052891493
0.232354641,0.180465221,0.05188942
0.234369516,0.180513382,0.053856134
0.236024618,0.181134224,0.054890394
0.238343477,0.187433004,0.050910473
0.232351065,0.180455923,0.051895142
0.236116171,0.182251215,0.053864956
0.233358383,0.182454109,0.050904274
0.230691433,0.177800894,0.052890539
0.235184669,0.183273077,0.051911592
0.233910084,0.184000015,0.049910069
0.232174635,0.180307865,0.05186677
0.23235178,0.17947197,0.05287981
0.234339237,0.181478977,0.05286026
0.232213974,0.179730654,0.05248332
0.239636421,0.182302475,0.057333946
0.235174656,0.185288191,0.049886465
0.236161947,0.182271004,0.053890944
0.235371113,0.181820154,0.053550959
0.236401081,0.179519176,0.056881905
0.233525753,0.182962656,0.050563097
0.244709253,0.190353632,0.054355621
0.24244833,0.188558578,0.053889751
0.236144543,0.184249163,0.05189538
0.240073919,0.186244249,0.05382967
0.240400791,0.186669588,0.053731203
0.23837018,0.18351841,0.05485177
0.248353243,0.192466974,0.055886269
0.24629426,0.189446211,0.056848049
0.235144377,0.179595947,0.055548429
0.238539934,0.185681343,0.052858591
0.233138561,0.18027854,0.052860022
0.231658936,0.178815842,0.052843094
0.234935284,0.184070349,0.050864935
0.232780218,0.180918694,0.051861525
0.234138012,0.181247711,0.052890301
0.236212969,0.181311369,0.0549016
0.23701334,0.184122086,0.052891254
0.232316494,0.179457903,0.052858591
0.232216358,0.178628206,0.053588152
0.233184338,0.181611061,0.051573277
0.239166975,0.18526268,0.053904295
0.241011858,0.188153028,0.052858829
0.236140966,0.18427968,0.051861286
0.231348038,0.180449486,0.050898552
0.238105297,0.181273222,0.056832075
0.247446775,0.191594601,0.055852175
0.235167742,0.184274912,0.05089283
0.234905243,0.181953669,0.052951574
0.236155748,0.182300329,0.053855419
0.233188629,0.181295633,0.051892996
0.232204676,0.180342197,0.051862478
0.232324839,0.18146944,0.050855398
0.23616457,0.185265303,0.050899267
0.236432791,0.184545994,0.051886797
0.250024319,0.194172144,0.055852175
0.235262871,0.181407452,0.053855419
0.240116358,0.184265614,0.055850744
0.234549284,0.182640314,0.05190897
0.235956192,0.182068586,0.053887606
0.240654945,0.183805704,0.056849241
0.237364292,0.183510065,0.053854227
0.238331556,0.185441256,0.052890301
0.237161398,0.185266256,0.051895142
0.234173536,0.181335211,0.052838326
0.233374834,0.181524515,0.051850319
0.237373829,0.182520628,0.054853201
0.238337517,0.18743825,0.050899267
0.237397194,0.183508158,0.053889036
0.237364769,0.183509111,0.053855658
0.238364935,0.185506344,0.052858591
0.231638193,0.180875063,0.05076313
0.235134125,0.1832726,0.051861525
0.233167171,0.179270744,0.053896427
0.234203577,0.179304361,0.054899216
0.2333498,0.182450294,0.050899506
0.235821247,0.181486368,0.054334879
0.233333349,0.181463242,0.051870108
0.233170271,0.18027854,0.052891731
0.23513031,0.18426466,0.05086565
0.231164455,0.178305626,0.052858829
0.239124775,0.181575298,0.057549477
0.231894732,0.180033445,0.051861286
0.233142138,0.182278156,0.050863981
0.235181332,0.185264349,0.049916983
0.237057447,0.182514191,0.054543257
0.23733592,0.180453777,0.056882143
0.236144781,0.185513496,0.050631285
0.233412027,0.180519581,0.052892447
0.237361193,0.181510925,0.055850267
0.23513341,0.182240009,0.0528934
Avg.,,
0.263985995,0.206071624,0.05791437
